track_name,artist_name,album_name,duration_minutes,spotify_url
The Hunger Games,James Newton Howard,The Hunger Games: Original Motion Picture Score,1:10,https://open.spotify.com/track/5c1dQbR220sPGEndTw9ALW
The Hanging Tree - Instrumental,Taylor Davis,The Hanging Tree (Instrumental),2:30,https://open.spotify.com/track/4mZznkLXSl6hsE5uZFyImt
Chips,Talib Kweli,Radio Silence,3:27,https://open.spotify.com/track/2k7UjvqE8v9T8V067DZVC1
Hunger Games,Parris Chariz,2045,2:55,https://open.spotify.com/track/0MtcYPjlP7kkerLsQw9YXA
the hanging tree (From 'The Hunger Games') - piano instrumental,Chilled Pig,Relaxing Piano Pop Covers 2024 (Vol.7),1:22,https://open.spotify.com/track/5kSz6GTRdQFlLEhwhBKqZ8
The Old Therebefore (Acapella) - from The Hunger Games: The Ballad of Songbirds & Snakes,Rachel Zegler,The Old Therebefore (Acapella) [from The Hunger Games: The Ballad of Songbirds & Snakes],2:26,https://open.spotify.com/track/6SCFHABJgBiLiKxpbpaoLM
Gestures,Chris Messan,Gestures,3:06,https://open.spotify.com/track/1YIB1TrQczZXXiRdgbazDb
Rue's Farewell,James Newton Howard,The Hunger Games: Original Motion Picture Score,4:59,https://open.spotify.com/track/4nrwfhN2Wq68HsxkBdRrqR
We're Doing a Sequel,The Muppets,Muppets Most Wanted (Original Motion Picture Soundtrack),4:16,https://open.spotify.com/track/3CWiyGDaLRKVUS6ahKiAv1
I Was in Love,Jem Cooke,I Am Jem Cooke,4:21,https://open.spotify.com/track/0b3xDJR29smcJvM0YDwLFy
The Countdown,James Newton Howard,The Hunger Games: Original Motion Picture Score,1:58,https://open.spotify.com/track/4jpZXxWxQvNpgMyaQJe69a
The Train,James Newton Howard,The Hunger Games: Original Motion Picture Score,1:27,https://open.spotify.com/track/2yQckSZWBjONzoskXMdE5v
"Mercy - from ""The Hunger Games: The Ballad of Songbirds and Snakes"" Score",James Newton Howard,The Hunger Games: The Ballad of Songbirds and Snakes (Original Motion Picture Score),2:21,https://open.spotify.com/track/3oMawK9eqpd5Ln59b8tr4E
MOVIE DIFFERENT,Kardinal,MOVIE DIFFERENT,1:56,https://open.spotify.com/track/13yMt54k2vgOGctZM9XLb5
Fasting and Furious,Jordindian,Fasting and Furious,3:46,https://open.spotify.com/track/0v5qrjAafwmelRaEgp6Ifd
Nothing You Can Take From Me (Boot-Stompin' Version) - from The Hunger Games: The Ballad of Songbirds & Snakes,Rachel Zegler,The Hunger Games: The Ballad of Songbirds & Snakes (Music From & Inspired By),3:13,https://open.spotify.com/track/4ck5SWSXlSUVHhYjq9Cb8L
Karma,Mpls Drew,Deleted files,2:52,https://open.spotify.com/track/7ImV7ErtJ9NXrL8saN0zij
Anthem: Gem of Panem (Instrumental),James Newton Howard,The Hunger Games: The Ballad of Songbirds and Snakes (Original Motion Picture Score),0:43,https://open.spotify.com/track/58dFgHccq1fkA3bgUfPifb
The Cave,James Newton Howard,The Hunger Games: Original Motion Picture Score,3:12,https://open.spotify.com/track/1YVfErG5Jn1VMuBzUXYPce
Searching For Peeta,James Newton Howard,The Hunger Games: Original Motion Picture Score,1:26,https://open.spotify.com/track/0tmZOVltucKrMtiI1PNar5
Reaping Day,James Newton Howard,The Hunger Games: Original Motion Picture Score,1:35,https://open.spotify.com/track/4Tx0OF30zrgo0QJqXyCJNM
"Primrose - From ""The Hunger Games: Mockingjay, Part 2"" Soundtrack",James Newton Howard,"The Hunger Games: Mockingjay, Part 2 (Original Motion Picture Soundtrack)",3:16,https://open.spotify.com/track/7LYllitjUEHCcCbuUlqEVF
Katniss Afoot,James Newton Howard,The Hunger Games: Original Motion Picture Score,1:49,https://open.spotify.com/track/3iKss6qGNZ1jHQlbwCqp8m
War,Hypnotic Brass Ensemble,Hypnotic Brass Ensemble,2:53,https://open.spotify.com/track/5bJ1K78btQIh5gR1MaFXt0
The Mockingjay,James Newton Howard,The Hunger Games: Mockingjay Pt. 1 (Original Motion Picture Score),2:39,https://open.spotify.com/track/46EmDxrxAXfkplyXDQKTJJ
Tenuous Winners/Returning Home,James Newton Howard,The Hunger Games: Original Motion Picture Score,3:25,https://open.spotify.com/track/3Bx7utlrwP1eAxFBUfqwXz
Eyes Open,Taylor Swift,The Hunger Games: Songs From District 12 And Beyond,4:04,https://open.spotify.com/track/7wjbSn8QHsxqKXU5M0jXGM
Silence,Cooper Phillip,Silence,3:19,https://open.spotify.com/track/5aIRTVYPeIOORE1O2DvONH
Yellow - Soundtrack Version,Vitamin String Quartet,Bridgerton Season Three (Covers from the Netflix Series),3:38,https://open.spotify.com/track/5NiOGrJCU20OAHnKhENpae
Trap Pacino,Millyz,Blanco 4,2:25,https://open.spotify.com/track/1w5FtOnU0AT95yn6t7OtlE
Movas & Shakers,Inspectah Deck,Uncontrolled Substance (Explicit),4:32,https://open.spotify.com/track/7xaIZosjowFyEOkD3EtU0S
LOWKEY,HEN$HAW,LOWKEY,2:54,https://open.spotify.com/track/7F4lyOfOgNbXP1ERYJjpgo
Kurt Hennig,Bronze Nazareth,The Process,4:11,https://open.spotify.com/track/3KJ9uMzX8RcIPQQa1MZuLV
Opening Night,Illy,Cinematic: Uncut,4:08,https://open.spotify.com/track/3Npxr4XMfczNTDxDcL166M
God level,Hollow X,God level,2:49,https://open.spotify.com/track/4QTGz2h69MOQ4UEeu12Wl1
ON NOTICE,Emanuel Brown,ON NOTICE,3:18,https://open.spotify.com/track/01Yx8k6vSlNRgPkaSLcz3t
Safe and Sound,Piano Tribute Players,Piano Tribute to The Hunger Games,3:31,https://open.spotify.com/track/5c4j0VkFmDuG4Kfu2IVjvq
Eyes Open,Vitamin String Quartet,Vitamin String Quartet Performs the Hunger Games,4:02,https://open.spotify.com/track/2Gj0NvB0vE1jH4hu9k4OC6
Dark Dystopian Distorted Cello,Rafael Krux,Dark Dystopian Distorted Cello,3:19,https://open.spotify.com/track/6p3r7EPDmKEoT8BtIVAMpF
Dystopia,Secession Studios,Dystopia,4:43,https://open.spotify.com/track/5axFCVLpigF7hNYYNo5IYv
Instrumental,Dystopia,The Aftermath,3:12,https://open.spotify.com/track/6CDBQBIoDugy8qLafENTSa
Abandon All,zYnthetic,SOUNDTRACK FOR THE APOCALYPSE,4:18,https://open.spotify.com/track/6XY9O5pejwQzGAxxhPV6om
Prepare for Escape,Geneburn,Prepare for Escape,5:25,https://open.spotify.com/track/5yNsQy0b6TylvsbnHCSKkQ
Dystopia (Instrumental),Stuart Grand,Dystopia (Instrumental),4:00,https://open.spotify.com/track/6RbJwNyyph4xzPbAQapm1W
Dystopia (Original Soundtrack),Hi-Finesse,Dystopia (Original Soundtrack),2:47,https://open.spotify.com/track/7qjUe6dPi2dVhkPH5eGIgR
Emotional Ambient Piano,OlexandrMusic,Emotional Ambient Piano,3:29,https://open.spotify.com/track/1F7dGf03Hpf7qkfjQINjSS
dystopia,thenian,dystopia,2:01,https://open.spotify.com/track/7q264R3DxGt11dFJwt7jxT
Dystopian Overture,Dream Theater,The Astonishing,4:50,https://open.spotify.com/track/1NLujLBH0yxoR31ZlvHK7k
Abandon V3,zYnthetic,SOUNDTRACK FOR THE APOCALYPSE,3:44,https://open.spotify.com/track/4bQT1xQEQsFdzhQOFJW7ZB
Ambient Instrumental Fall Studying and soft rain,Instrumental Music for Study Focus Concentration Sleepp,POV: Fall Autumn Dark Academia Instrumental Study Music vibes with Rain,0:58,https://open.spotify.com/track/2AE0pBQ7UqrbIDZIYCTgId
"Blade Runner Ambience, Pt. 2",(LUX),Blade Runner Ambiences,5:44,https://open.spotify.com/track/3qHdFjRcLSvBMbvlWVCp8T
Scary Ambient Music,Elijah Ages,Horror Peaceful Halloween Party,3:53,https://open.spotify.com/track/28HTOOtto8niTE5i5Pe6wo
Ambient Sad Piano,DS Productions,Ambient Sad Piano,1:51,https://open.spotify.com/track/5EmcZaEDX7da0wWxklX71m
Dystopia,Neutrin05,Dystopia,3:28,https://open.spotify.com/track/6N1lZfdZa9O1jtaQWJOix1
Dystopian Mall,Incorporeal Visions Deluxe,Network Entities,1:00,https://open.spotify.com/track/6gkowH8PXuG2y4uJB0hl1Q
The Experiment,Mick Gordon,Prey (Original Game Soundtrack),1:36,https://open.spotify.com/track/1qw7rktpY93pbEBxwS2ObF
A Lonely Strain,Apocryphos,Onyx,9:32,https://open.spotify.com/track/5NwmODyk4rlXKDPJ7iJzBn
An Epic Empty City,Ambience Mastery,Post Apocalyptic City Ambience,5:08,https://open.spotify.com/track/5GEMaPBGWYVbSkjZlcvugd
Epic City View at Dusk,Ambience Mastery,Cyberpunk City Night Ambience,5:18,https://open.spotify.com/track/4nJbMu0p0keAO33RNAE7z5
Apocalyptic Fog,Ambience Mastery,Epic Dark Sci-Fi Ambient Music,5:16,https://open.spotify.com/track/37oVZGpHvkA57krXAdE0Yi
Experimental Dark Ambient Cellos,Rafael Krux,Experimental Dark Ambient Cellos,2:45,https://open.spotify.com/track/761F82V78gykTirxID9OMJ
Ambient Creatures,Silent Orchestra,"Nosferatu, A Symphony of Horror",1:29,https://open.spotify.com/track/7lTlrKHL4bbL7F4iy139ai
Dystopia,Mike McKee,Dystopia,2:17,https://open.spotify.com/track/4glaM5zsDm8rTkWY6u4AQr
Outbreak,zYnthetic,SOUNDTRACK FOR THE APOCALYPSE,3:03,https://open.spotify.com/track/2T58lMxULMMTnz4vuCXopk
Dark Technology,Ambience Mastery,Cyberpunk City Night Ambience,5:14,https://open.spotify.com/track/3Vt4FXrBltVdr1Pjcik5nd
The Quiet Collapse,New World Orchestra,Dark Ambience,2:33,https://open.spotify.com/track/4cXvkMp38N8A7FrNTN25ok
River of Woe,Phonothek,Styx,2:19,https://open.spotify.com/track/53XbmQtFvzi7asKwEyb8K1
Atmosphere study ambient focus with rain,Instrumental Music for Study Focus Concentration Sleepp,POV: Fall Autumn Dark Academia Instrumental Study Music vibes with Rain,1:13,https://open.spotify.com/track/42wnR8ezH8KXQDmoDnXxXx
Resist,Dystopian Society,Overturned Reality,3:44,https://open.spotify.com/track/6Xugz8fVRUiegiJigG07QA
"Dark Dungeon (suspense, ambient, exploration)",Tabletop Rpg Music,Tabletop RPG Music: Volume 5,3:14,https://open.spotify.com/track/0esgwCqnlgEpYw44BNGUyE
"Blade Runner Ambience, Pt. 1",(LUX),Blade Runner Ambiences,8:20,https://open.spotify.com/track/4BMWuDFcwmmLQSFhCJpPuU
Aphotic,Apocryphos,Onyx,7:30,https://open.spotify.com/track/0KIlfpDidvLPD5kDdMfVU9
Mystery Background,Petar Milinkovic,"Mystery Music, Set 13",1:43,https://open.spotify.com/track/5RqBOeV9enFqfLwXUV0nIZ
The Crypt,Ambient Realms,"Massive Ambient Music, Vol. 2",3:00,https://open.spotify.com/track/2fSDq6j41lgcJN3UDrr7Ki
Swarm Ambiance,Samuel Laflamme,Outlast (Original Game Soundtrack),2:22,https://open.spotify.com/track/4vvPVIi5ZiCGlsh0URnUkg
Extinction,Andrew Buresh,The Last of Us - Vol. 2 (Video Game Soundtrack),1:55,https://open.spotify.com/track/0BJPGz7bF5NGCieKWfug96
Haunted Crypt,Ambient Realms,"Massive Ambient Music, Vol.1",2:58,https://open.spotify.com/track/6nlXozVgHrDOr25F4OwYJX
Ambient Suspenseful Background (Original Motion Picture Soundtrack),Acoustic Instrumental Vibes,Ambient Suspenseful Background (Original Motion Picture Soundtrack),2:06,https://open.spotify.com/track/1M6GOFvY9YviLMRlTUZm1V
Futuristic Abandoned City,Ambience Mastery,Post Apocalyptic City Ambience,5:27,https://open.spotify.com/track/5Bg3ZBtmxZ478Q63IGlIDf
Dark Ambient,Background Music Attention,"Gothic, Atmospheric, Dark Ambient",3:18,https://open.spotify.com/track/7k4XRuYWSKR9aNVbV9dCh4
Stars Seen From a Futuristic Balcony,Ambience Mastery,Epic Dark Sci-Fi Ambient Music,5:27,https://open.spotify.com/track/1JmG07o0tifo97YZb1jba1
Insect Wings,zYnthetic,SOUNDTRACK FOR THE APOCALYPSE,3:07,https://open.spotify.com/track/6aHFAgcB8maP1wRWU4xgCg
Dystopian Dream,Mondo Loops,Dystopian Dream,2:34,https://open.spotify.com/track/5Hu96bWYoUch7vOl74ppah
Survival,Sabled Sun,2147,4:28,https://open.spotify.com/track/3l8WNCyIzxvJT8JEkcJetm
"Dark Depths (ambient, suspense, exploration)",Tabletop Rpg Music,Tabletop RPG Music: Volume 4,2:56,https://open.spotify.com/track/4ckWNjA9acojSBFoddwVsD
Dark Gothic Ambient,Myers Music,Dark Gothic Ambient,9:47,https://open.spotify.com/track/2ws6kNhcXQTuunftYY1ZI6
Ambient Emotional Cinematic,Romansenykmusic,Soft Cinematic Soundtracks,2:15,https://open.spotify.com/track/3iRW391RwTm8QN9jSqjwmQ
Inexhaustible Savagery,Conquering Dystopia,Conquering Dystopia,4:05,https://open.spotify.com/track/22emo3taK1vd0ZtVJG8Uxo
Instrumental Dark Academia,Study Music Project,Dark Academia Study Music for Night Time Readers,0:56,https://open.spotify.com/track/3Gmw7pqqbXL191U25U2JvI
Deep Shadow - Extended Version,T.T.L.,Deep Shadow (Extended Version),4:09,https://open.spotify.com/track/1GDVzNP7IKsOEv5puqkohD
The Global Plan,Ayden George,Soundtrack to a Dystopia,2:40,https://open.spotify.com/track/5EzucbY0UIIjsVBNtE9Xe2
Dystopia Foretold,Andromida,Dystopia Foretold,4:03,https://open.spotify.com/track/58PQ2am5WAFcD5dhbVoZti
Shivering Expanse (suspenceful ambience),Tabletop Rpg Music,Tabletop RPG Music: Volume 2,2:33,https://open.spotify.com/track/5wZPLODS7toYMrSqZE0teT
Creepy Ambiance 2,Rik Schaffer,Vampire: The Masquerade - Bloodlines (Original Soundtrack),3:38,https://open.spotify.com/track/4j2nVMByR6yY7OhdJkrIQs
Onyx,Apocryphos,Onyx,6:24,https://open.spotify.com/track/3nR3JrWpvUldgld0pFBBZq
Apocalypse - Instrumental,Necatidemirr,Apocalypse (Instrumental),4:22,https://open.spotify.com/track/4PHbuEAJXBCYYaxYzpg69t
Finding Lost Items From Before the Apocalypse,Ambience Mastery,Post Apocalyptic City Ambience,5:19,https://open.spotify.com/track/0IvZXpsmkjfRQbKyXTL9rC
Futuristic Apartment Vibes,Ambience Mastery,Cyberpunk City Night Ambience,5:33,https://open.spotify.com/track/1DleGrcjz2Kfk6TLcv9cd8
Dystopia,Dystopian Voyager,Dystopia,2:30,https://open.spotify.com/track/5Gc0hrYDxMEAMA1FQpuHAv
The Edge Of The Abyss,zYnthetic,SOUNDTRACK FOR THE APOCALYPSE,1:50,https://open.spotify.com/track/2j98KA3VL4GxCfGluOkrsX
Running Through Futuristic Streets,Ambience Mastery,Epic Dark Sci-Fi Ambient Music,5:11,https://open.spotify.com/track/3X6I7pO7q0oqVWhUDZ4j7s
State of Dystopia - Instrumental Version,Of Men And Wolves,State of Dystopia,4:20,https://open.spotify.com/track/6fT3nZx0ikIPOyjEYCXrov
Quarantine Zone,Sabled Sun,2149,4:09,https://open.spotify.com/track/5kL5WZAgtfLA5mftbGAa1N
Pure Calmness Among a Futuristic Landscape,Ambience Mastery,Epic Dark Sci-Fi Ambient Music,5:21,https://open.spotify.com/track/51W9uW4ipusJIxnxVq0jCz
Atmospheric Background,Space Radiance,Ambient Space Music,1:03,https://open.spotify.com/track/7yvgHgfDy9kp9aeon8SdsW
Doomsday Clock,Conquering Dystopia,Conquering Dystopia,2:15,https://open.spotify.com/track/0FjZ30ReH1DZ3kDPF0SrLl
Doomsday,Survival Spheres,Selection 3 (Save Room Ambience),9:59,https://open.spotify.com/track/4huqTVONd0slmpqi9XxDpp
"The Tomb (ambient, suspense, exploration)",Tabletop Rpg Music,Tabletop RPG Music: Volume 4,3:21,https://open.spotify.com/track/0p9dvxUM8Jm1EVW8ox8ber
"Evil's Approach (suspense, ambient, exploration)",Tabletop Rpg Music,Tabletop RPG Music: Volume 5,4:18,https://open.spotify.com/track/0yotehfWmAaF3rrAgJTGV0
Dismember,Jameson Nathan Jones,Signals,5:41,https://open.spotify.com/track/0ukYDicFDuPxzIygrIlZhE
Futuristic City Rainy Day Ambience,Sounds of Planet Earth,Night City Living Sounds,5:00,https://open.spotify.com/track/71HREGnDmndXzx82V42cS4
Systemic Decomposition,zYnthetic,SOUNDTRACK FOR THE APOCALYPSE,3:39,https://open.spotify.com/track/6qODXMoTDXaic4CuLM0LiP
Prelude to Obliteration,Conquering Dystopia,Conquering Dystopia,4:38,https://open.spotify.com/track/0BWQERhHpB2gwasiu3SnoS
Revelation,Ross Bugden,Selected Tracks 2 (2017-2019),2:25,https://open.spotify.com/track/1iqsXrf9bv59sGeiJUmS4a
Cityscapes,Lost Stargates,Future Dystopia,2:55,https://open.spotify.com/track/4oiGrMBUxm2HLe7Gy6JkWa
Autarch,Conquering Dystopia,Conquering Dystopia,5:06,https://open.spotify.com/track/7MksGQ2fnP3TjWYAZQcg8k
Ambient Instrumental Theme,Ambient Sound Center,"Dramatic Ambient - Gothic Dark Fantasy Ambient, Sad & Somber Background",3:39,https://open.spotify.com/track/6jX3ZxbLz7mHzY7GMVa6LG
Dystopia - Instrumental,IAMONE,Dystopia (Instrumental),4:14,https://open.spotify.com/track/3xeJCnUPfvpoVoL5jAbuE2
Rays of Light Among Abandoned Buildings,Ambience Mastery,Post Apocalyptic City Ambience,5:28,https://open.spotify.com/track/4LxupuUEMSpUDqzemW0szh
Late Daytime Quietness,Ambience Mastery,Post Apocalyptic City Ambience,5:07,https://open.spotify.com/track/1roohSisGP4rhkDQ5Y4Oiw
Lonely World Freedom,Ambience Mastery,Post Apocalyptic City Ambience,5:26,https://open.spotify.com/track/2pClRaxe0BISCYIZlKJz8g
Infiltration Success,Ambience Mastery,Cyberpunk City Night Ambience,5:16,https://open.spotify.com/track/1c2e0rInXYnYFtwHDT7nD0
Resting After an Epic Quest,Ambience Mastery,Cyberpunk City Night Ambience,5:31,https://open.spotify.com/track/6rgUoxrQ3YSt1Mp5Fl5Nkf
Dark Ambient Horror,Horror Music,Alien Abduction,1:07,https://open.spotify.com/track/4hEhhIgE31SAhMvuN7cZyH
Underground Signals,Ritual Echoes,Last Survivor: Apocalyptic Ambience,2:28,https://open.spotify.com/track/2WrCGlyuHyRO5zxsudIVKt
Dark Ambiance (Dark Dungeon RPG),Dark RPG Music,Dungeons and Catacombs Dark Music,8:44,https://open.spotify.com/track/3F6VcTZ41QLQj2rgJgtOD3
Scary Piano Atmosphere Drone,Bobby Cole,Your Deepest Nightmares: Scary Horror Music,3:08,https://open.spotify.com/track/5KOwuaBryEiNnYQl2ze64d
Suspense Background Music,Power Music Factory,Power Music Factory,3:33,https://open.spotify.com/track/1Llg4JaMVMTt0XkSOdsgBp
Robotic Calm,Ambience Mastery,Cyberpunk City Night Ambience,5:25,https://open.spotify.com/track/6k8e2AHjbgwFfHvcjXDQQy
Wading Through The Bodies,zYnthetic,SOUNDTRACK FOR THE APOCALYPSE,2:05,https://open.spotify.com/track/6BAh48MY7cmAWTqoZ8D3k1
"Gothic Lands (exploration, ambient, suspense)",Tabletop Rpg Music,Tabletop RPG Music: Volume 5,2:55,https://open.spotify.com/track/6wv3e2ePHYuyNPZvFU1qCP
Murder/Suicide,zYnthetic,SOUNDTRACK FOR THE APOCALYPSE,5:14,https://open.spotify.com/track/6hNSz3qKA726OcqQIs5zFJ
Steep Encounters,Nylonia,It Must Be Now,2:16,https://open.spotify.com/track/5x0k0RPKJN0awuacmh2Onu
Emotional Dramatic Background,DS Productions,Emotional Dramatic Background,2:23,https://open.spotify.com/track/0ui7wPTK4LxepNGJZkHGDs
Follow the Fahr,Daniel L.K. Caldwell,Prospect (Original Motion Picture Soundtrack),3:36,https://open.spotify.com/track/0GvcdP3zoWtZCGchzZi1to
The Creeping Halls,Ambient Realms,"Massive Ambient Music, Vol. 6",4:27,https://open.spotify.com/track/5e8vSDnE2r58WtQcCLeOxn
Creepy Soundscapes,Background Music Attention,"Gothic, Atmospheric, Dark Ambient",4:45,https://open.spotify.com/track/6h9yPo4uEVgMAJ8HASVFVI
Dark Dystopian Ambient,Rafael Krux,Dark Dystopian Ambient,4:09,https://open.spotify.com/track/5GMktAWXiNM3CdWTJYnK75
Sunshine in the Apocalypse,Ambience Mastery,Post Apocalyptic City Ambience,5:17,https://open.spotify.com/track/35skegKmkkKAOrC8NpkLIb
Vapour,zYnthetic,SOUNDTRACK FOR THE APOCALYPSE,1:50,https://open.spotify.com/track/67mZsqWjkuBQB9h6x1VVLu
Secret Corporation,Ambience Mastery,Cyberpunk City Night Ambience,5:18,https://open.spotify.com/track/2B8zTyWdqCGJM11TXeEgqE
Ambient Dark Academia,Study Music Project,Final Chapter,1:53,https://open.spotify.com/track/3BbMVWHGffeDb0nsTrYCxr
Zombie Apocalypse,Mystical Soundscapes,Zombie Apocalypse,4:34,https://open.spotify.com/track/7kbbx4MJQ8g3gINnTLEhTl
Floating,Loscil,"The Sails, Pt. 2",5:06,https://open.spotify.com/track/4qLvUuA3zvTboom93CUJ9s
Instrumental,Austere,Bleak...,1:52,https://open.spotify.com/track/1CGh3jn3fER7ef6OGVIzSg
Resurrection in Black,Conquering Dystopia,Conquering Dystopia,1:01,https://open.spotify.com/track/0XgALjgFW8rLkIAo2Bzpek
Dark Occult Ambient,Myers Music,Dark Occult Ambient,8:48,https://open.spotify.com/track/4NTZNQMznuyO0OAi8AWpVn
"Dark Spaces (suspense, exploration)",Tabletop Rpg Music,Tabletop RPG Music: Volume 5,2:58,https://open.spotify.com/track/09cYtN2ZtJLGmocztwFqjH
Ambient Background,AndrisMusic,Relaxation Albums,2:49,https://open.spotify.com/track/48Ya0OxSFUsftxDh24Yg68
Exodus (Intro),Aviators,Dystopian Fiction,3:15,https://open.spotify.com/track/4eaVeSMTgN4KBrt3gsi4lW
Atmospheric Inspiring Piano,DS Productions,Atmospheric Inspiring Piano,2:59,https://open.spotify.com/track/606lhKCyXEYsHgdoutrLxv
Dystopian Post Apocalyptic Future Toxic Land Atmosphere 002,Background Music Soundtrack,Dystopian Post Apocalyptic Future Toxic Land Atmospheres,2:20,https://open.spotify.com/track/1BdVnAbgvYf3adYOErJwHl
Golden - Instrumental,HUNTR/X,Golden (from the Netflix film KPop Demon Hunters),3:12,https://open.spotify.com/track/5LByxLn1X1Q9vr0xa4ZLYf
I'm God,Clams Casino,Instrumental Relics,4:37,https://open.spotify.com/track/0FVuyC9RP5MACjp4lgU3qZ
Butterflies (Right Now) - Instrumental,Metro Boomin,Metro Boomin Presents: A Futuristic Summa (Hosted by DJ Spinz) [Instrumentals],3:29,https://open.spotify.com/track/7bsCG3Lue5CsaXJjbsmXaw
Birthday - Instrumental,Metro Boomin,Metro Boomin Presents: A Futuristic Summa (Hosted by DJ Spinz) [Instrumentals],3:28,https://open.spotify.com/track/1sydXpWI5xzy944HwAKebN
The Instrumental (feat. Jonah Matranga),Lupe Fiasco,Lupe Fiasco's Food & Liquor,3:26,https://open.spotify.com/track/1gsnHGopfdevZt7gbmygOq
Slide - Instrumental,Metro Boomin,Metro Boomin Presents: A Futuristic Summa (Hosted by DJ Spinz) [Instrumentals],3:58,https://open.spotify.com/track/0ADyaaU1uuf6lhZmMCbPMD
Clap - Instrumental,Metro Boomin,Metro Boomin Presents: A Futuristic Summa (Hosted by DJ Spinz) [Instrumentals],2:42,https://open.spotify.com/track/5JiY78lriMYy6z2LEbpqJ0
Walk Humbly - Instrumental,Hillside Recording,Worship Instrumentals Volume I,1:35,https://open.spotify.com/track/5hryMWmhAOowUAmLeaftQo
remember - Instrumental,Khamir Music,remember (Instrumental),1:46,https://open.spotify.com/track/6QNEut6P3p3a2rG729wEra
Act Justly - Instrumental,Hillside Recording,Worship Instrumentals Volume I,2:08,https://open.spotify.com/track/7p8c9hCDDVF6I2CdwbS7yP
Yes I Will - Instrumental,The Worship Initiative Instrumentals,"The Worship Initiative Instrumentals, Vol. 17-26",3:55,https://open.spotify.com/track/22z8oMNFSg4jMwKzgLUwGt
free - Instrumental,Khamir Music,free (Instrumental),2:10,https://open.spotify.com/track/0uw0kMWuNDQPog9blAzPcT
Still - Instrumental,Khamir Music,Still (Instrumental),1:47,https://open.spotify.com/track/2iQksiwnkhxMUieONKstDl
Home (Instrumental),Khamir Music,Home (Instrumental),1:40,https://open.spotify.com/track/7EUsW2E71bRmoSfsCAUnuh
Instrumental,The Microphones,"The Glow, Pt. 2",1:38,https://open.spotify.com/track/4b9pSvIz68kJOxE7dBccRJ
Christmas Eve / Sarajevo 12/24 - Instrumental,Trans-Siberian Orchestra,Christmas Eve and Other Stories,3:25,https://open.spotify.com/track/3sBnSBnzpEYKpJYGsAIbup
in the pool,kensuke ushio,CHAINSAW MAN THE MOVIE: REZE ARC original soundtrack -summer's end-,4:05,https://open.spotify.com/track/1AvuBt1hrjsHeBxFX91Rn6
WTF Goin - Instrumental,Metro Boomin,Metro Boomin Presents: A Futuristic Summa (Hosted by DJ Spinz) [Instrumentals],3:13,https://open.spotify.com/track/2GWYNsf8WON5Mc3KLumLh3
Overly Trimm - Instrumental,Metro Boomin,Metro Boomin Presents: A Futuristic Summa (Hosted by DJ Spinz) [Instrumentals],3:47,https://open.spotify.com/track/3nu4XfEs79j3snc4il2fBH
I Go - Instrumental,Metro Boomin,Metro Boomin Presents: A Futuristic Summa (Hosted by DJ Spinz) [Instrumentals],2:34,https://open.spotify.com/track/2JYy6PdNcN7LurdbdpCx5q
Touch the Sky - Instrumental,The Worship Initiative Instrumentals,"The Worship Initiative Instrumentals, Vol. 17-26",4:07,https://open.spotify.com/track/77DzxBbBUDhe7mlPdbqEMF
Your Love Remains (Instrumental),Cavetime,A Worship Experience,5:08,https://open.spotify.com/track/2gvIz0s6FpeKWI7JsPMMfP
Peaceful,Instrumental Worship Collective,Peaceful,1:54,https://open.spotify.com/track/3wMAGb04iUbKYys4OZ0Flc
Find - Instrumental,Khamir Music,Find (Instrumental),1:38,https://open.spotify.com/track/1NBazkyKO5q0IlgzPbkoAs
Lost (Instrumental),Khamir Music,Lost (Instrumental),1:21,https://open.spotify.com/track/5psji6ZmN0mK8mlz4QhoRx
Instrumental,"Black Country, New Road",For the first time,5:27,https://open.spotify.com/track/6muaqhrGvRop2JyxjwWHhX
Instrument,Atmosphere,Jestures,2:07,https://open.spotify.com/track/3UoBX7S05jDemDwceUTZN0
instrumental 2,Otismadeit,instrumental 2,2:30,https://open.spotify.com/track/00BxsR1IcAmyOUehyYVldO
Loose Screws - Instrumental,Metro Boomin,Metro Boomin Presents: A Futuristic Summa (Hosted by DJ Spinz) [Instrumentals],3:19,https://open.spotify.com/track/4yDevQ3quSllGMl59KogGV
Issa Party - Instrumental,Metro Boomin,Metro Boomin Presents: A Futuristic Summa (Hosted by DJ Spinz) [Instrumentals],3:35,https://open.spotify.com/track/38pQecY6U6aHuvdLFdN0GO
Still Turnt (Forever B$hot) - Instrumental,Metro Boomin,Metro Boomin Presents: A Futuristic Summa (Hosted by DJ Spinz) [Instrumentals],3:30,https://open.spotify.com/track/3DKLIO5LZbNe5ldyPpBAol
Drip BBQ - Instrumental,Metro Boomin,Metro Boomin Presents: A Futuristic Summa (Hosted by DJ Spinz) [Instrumentals],3:02,https://open.spotify.com/track/6gP3JnGpenXNOUJ7EuDZtB
Jacob and the Stone,Emile Mosseri,Minari (Original Motion Picture Soundtrack),1:38,https://open.spotify.com/track/2nltARCkZyrzjQANViDpuX
"""Instrumentals"" Volume 1 - Part 10",Arthur Russell,First Thought Best Thought,0:30,https://open.spotify.com/track/5KaPPsY6EdPOZSJc9SOB1R
Your Grace Is Enough - Instrumental,Abundant Life Piano,"Reflection, Vol. 1 (Instrumental)",4:17,https://open.spotify.com/track/2qtI3xaSSeAYdlTC4G3tss
Still - Acoustic Instrumental,Titus Major,Still - Acoustic Instrumental,2:03,https://open.spotify.com/track/2kpsjta1VScbHnXB5z0Yqa
House Of The Lord - Instrumental,Words Fall Short,Piano Worship,3:16,https://open.spotify.com/track/1RMihw784Qj4UI3Meevg4m
Graves into Gardens - Instrumental,The Worship Initiative Instrumentals,"The Worship Initiative Instrumentals, Vol. 17-26",5:22,https://open.spotify.com/track/2bNtsgi8SU0rHuX9RBQda6
Reckless Love - Instrumental,Marcelo Cacilias,Instrumental Acoustic Worship,4:07,https://open.spotify.com/track/73ioKpkzROUHCCQ6MEd3i2
Peace - Instrumental,The Worship Initiative Instrumentals,"The Worship Initiative, Vol. 30 (Accompaniments)",5:01,https://open.spotify.com/track/5SmKVM7yived3RWFWjEthG
Instrumental - 2,The Microphones,"The Glow, Pt. 2",1:52,https://open.spotify.com/track/57x29dcGNAtUp6fV941PO7
September - Instrumental,Goomp,September,3:10,https://open.spotify.com/track/6mGNN8itiFgSWQl1ShlqAT
Fine line - Instrumental,Kapa Boy,Fine line (Instrumental),1:53,https://open.spotify.com/track/2DQPiyq5H4evGiR1ta6BT4
Sirius,The Alan Parsons Project,Eye In The Sky,1:46,https://open.spotify.com/track/0hSs4vOZo1OkRiAOoLafrT
Subwoofer Lullaby,C418,Minecraft - Volume Alpha,3:28,https://open.spotify.com/track/1OJxI8lIWRqBvouJxW1nzN
Mia & Sebastian’s Theme,Justin Hurwitz,La La Land (Original Motion Picture Soundtrack),1:38,https://open.spotify.com/track/1Vk4yRsz0iBzDiZEoFMQyv
Cornfield Chase,Hans Zimmer,Interstellar (Original Motion Picture Soundtrack) [Expanded Edition],2:06,https://open.spotify.com/track/6pWgRkpqVfxnj3WuIcJ7WP
I Want It All - Instrumental,Metro Boomin,Metro Boomin Presents: A Futuristic Summa (Hosted by DJ Spinz) [Instrumentals],2:41,https://open.spotify.com/track/7jQjjjOQQrnVzKOPUvejc2
Experience,Ludovico Einaudi,In A Time Lapse,5:15,https://open.spotify.com/track/1BncfTJAWxrsxyT9culBrj
Sweden,C418,Minecraft - Volume Alpha,3:35,https://open.spotify.com/track/4NsPgRYUdHu2Q5JRNgXYU5
You Cannot Be Stopped - Instrumental,The Worship Initiative Instrumentals,"The Worship Initiative Instrumentals, Vol. 17-26",4:27,https://open.spotify.com/track/51TpTtR2r1fXbiOOJu2frK
intrumental de dembow (aguantala),Villa liberación City,intrumental de dembow (aguantala),2:19,https://open.spotify.com/track/2hHC0GVRqrkTc3fJW1HjXU
Blessed Assurance,Instrumental Hymns and Worship,Instrumental Hymns (10 Classic Hymns),2:56,https://open.spotify.com/track/5KJdDNs4DFnA3kWMpaQaIe
Better Is One Day (Instrumental),Dan Musselman,"Peaceful Piano Worship, Vol. 3",3:50,https://open.spotify.com/track/75lTFaC0RMpSED9Y61FgHp
Raise A Hallelujah - Instrumental,Words Fall Short,Piano Worship 2,2:53,https://open.spotify.com/track/5PgUVtOHMs3uoJBRPgAXp0
Defender - Instrumental,The Worship Initiative Instrumentals,"The Worship Initiative Instrumentals, Vol. 17-26",7:09,https://open.spotify.com/track/6EVSNw3fQeA3vkIOjUQkoB
Glorious Day - Instrumental,Words Fall Short,Piano Worship,3:33,https://open.spotify.com/track/068cVMNWzfu2oRFiZAftrB
Great Things - Instrumental,The Worship Initiative Instrumentals,"The Worship Initiative Instrumentals, Vol. 17-26",4:49,https://open.spotify.com/track/7vDXwPFcjacIVx1XzI6C7w
grace - Instrumental,Khamir Music,for the honor (Instrumental),1:58,https://open.spotify.com/track/1SROwqyWExwCZPUQWE6ff0
Minecraft,C418,Minecraft - Volume Alpha,4:14,https://open.spotify.com/track/6xwhCiWXREsAIQVZqHswVw
Instrumental,dodie,You - EP,0:50,https://open.spotify.com/track/7KHT9zexpmqYyxQVLJ5uts
Take Me Thru Dere - Instrumental,Metro Boomin,Metro Boomin Presents: A Futuristic Summa (Hosted by DJ Spinz) [Instrumentals],2:46,https://open.spotify.com/track/6YwLzNOYk2ExIzSjkthPEq
Stealin All The Swag - Instrumental,Metro Boomin,Metro Boomin Presents: A Futuristic Summa (Hosted by DJ Spinz) [Instrumentals],3:02,https://open.spotify.com/track/6ITVzNzmt1d2gcXW5159LM
They Wanna Have Fun - Instrumental,Metro Boomin,Metro Boomin Presents: A Futuristic Summa (Hosted by DJ Spinz) [Instrumentals],3:05,https://open.spotify.com/track/04GWFe4QcDx1O4pMyvfzyZ
Better Is One Day - Instrumental,Abundant Life Piano,"Reflection, Vol. 3 (Instrumental)",2:43,https://open.spotify.com/track/701nqlCJf6UgDGlOxavJWo
